0.0014247585730566;1.76974489528997e-05
0.00143464815524482;1.88688644038074e-05
0.00144460638333398;2.00880833498365e-05
0.0014546337338113;2.13524286951483e-05
0.00146473068647145;2.26737973134531e-05
0.00147489772443943;2.40410609318875e-05
0.00148513533419374;2.54608860554693e-05
0.00149544400558965;2.69395142919779e-05
0.00150582423188261;2.8469512366362e-05
0.00151627650975189;3.00565570112772e-05
0.00152680133932431;3.17088507244714e-05
0.0015373992241982;3.3417418703433e-05
0.00154807067146747;3.51907755670431e-05
0.00155881619174591;3.70283960269583e-05
0.00156963629919157;3.89289635857957e-05
0.00158053151153142;4.09084765767758e-05
0.00159150235008608;4.2958109306745e-05
0.00160254933979477;4.50766274159661e-05
0.00161367300924046;4.72814469927019e-05
0.0016248738906751;4.95643050736598e-05
0.00163615252004517;5.19383180097538e-05
0.00164750943701725;5.4394265701119e-05
0.00165894518500387;5.69466363470792e-05
0.00167046031118953;5.96033027005723e-05
0.00168205536655687;6.23622422184086e-05
0.001693730905913;6.52301911552509e-05
0.0017054874879161;6.82106814143392e-05
0.00171732567510212;7.13183384607485e-05
0.00172924603391171;7.4556811782677e-05
0.0017412491347173;7.79166359250858e-05
0.00175333555185043;8.14347973695131e-05
0.00176550586362919;8.50986758918013e-05
0.00177776065238592;8.89166984557283e-05
0.00179010050449507;9.29079096347916e-05
0.00180252601040124;9.70851567443384e-05
0.00181503776464746;0.000101431643032336
0.0018276363659036;0.000105985602404231
0.00184032241699506;0.000110747913526297
0.00185309652493158;0.000115712413606769
0.00186595930093629;0.0001209104851452
0.00187891136047498;0.000126331885274141
0.00189195332328552;0.000132001443628731
0.00190508581340753;0.000137932270694987
0.00191830945921224;0.000144122366458718
0.00193162489343252;0.000150593663254858
0.00194503275319324;0.000157361755074531
0.00195853368004166;0.00016442184041869
0.00197212831997818;0.000171807658842698
0.00198581732348725;0.000179521102899048
0.00199960134556847;0.000187587405255976
0.00201348104576796;0.000196009238728871
0.0020274570882099;0.000204817323914879
0.0020415301416283;0.000214012126194267
0.00205570087939902;0.000223628941246858
0.00206996997957197;0.000233679239634334
0.00208433812490358;0.000244171600920804
0.00209880600288944;0.000255142662373715
0.00211337430579719;0.000266606909993015
0.0021280437306997;0.000278585260919459
0.00214281497950836;0.000291107000534453
0.0021576887590067;0.000304180775852775
0.00217266578088418;0.000317836897974388
0.0021877467617703;0.000332092371886853
0.00220293242326882;0.000346975345709859
0.00221822349199233;0.000362475274566712
0.00223362069959701;0.000378649347468253
0.00224912478281765;0.000395499131447785
0.00226473648350286;0.000413053477923578
0.00228045654865061;0.000431366037113078
0.00229628573044397;0.000450486326824982
0.00231222478628706;0.000470440586256393
0.00232827447884134;0.00049127558598365
0.00234443557606207;0.000513044578995952
0.00236070885123509;0.000535802323281317
0.00237709508301376;0.000559601429295546
0.00239359505545629;0.000584524002789183
0.00241020955806319;0.000610607468686858
0.00242693938581511;0.00063791371478098
0.00244378533921083;0.000666515614878179
0.00246074822430557;0.000696474433181413
0.00247782885274957;0.000727855079667034
0.00249502804182695;0.000760734296433009
0.00251234661449477;0.000795156855363811
0.00252978539942241;0.000831233773302966
0.00254734523103127;0.000869007947805798
0.00256502694953466;0.000908549471317437
0.00258283140097797;0.000949933666201928
0.00260075943727923;0.000993252105100187
0.00261881191626983;0.00103857835820358
0.00263698970173553;0.00108595983749664
0.00265529366345788;0.00113552362219243
0.00267372467725575;0.00118733068447492
0.00269228362502728;0.0012414381662674
0.00271097139479209;0.00129797388644985
0.00272978888073373;0.00135699863362082
0.00274877606393795;0.00141780762453273
0.00276789531344538;0.0014816108325223
0.0027871475478498;0.0015485110646675
0.00280653369213433;0.0016185751119094
0.00282605467771584;0.00169185797065788
0.00284571144248972;0.00176839964037505
0.00286550493087493;0.00184829693804078
0.00288543609385941;0.00193160533127371
0.00290550588904571;0.00201841183895802
0.00292571528069706;0.00210876832090287
0.00294606523978366;0.00220280691716403
0.00296655674402933;0.00230061657475202
0.00298719077795853;0.00240233669396613
0.00300796833294358;0.00250814306487538
0.0030288904072524;0.00261817516605398
0.00304995800609636;0.00273268730776348
0.00307117214167865;0.00285193768174488
0.0030925338332429;0.00297612440035221
0.00311404410712212;0.00310549479162101
0.00313570399678804;0.00324028927265712
0.00315751454290075;0.00338078374211038
0.00317947679335871;0.00352722642529567
0.00320159180334909;0.00367995229498581
0.00322386063539847;0.0038391978906676
0.00324628435942387;0.00400536702466736
0.00326886405278419;0.0041787404749719
0.00329160080033193;0.00435972450325827
0.00331449569446538;0.00454869454365537
0.00333754983518101;0.00474597628495608
0.00336076433012641;0.0049520670361868
0.00338414029465344;0.00516735994472689
0.00340767885187186;0.00539228334495814
0.00343138113270328;0.00562732485100767
0.00345524827593547;0.00587294802151945
0.00347928142827714;0.00612970575753919
0.00350348174441293;0.00639810435029649
0.00352785038705899;0.00667864809056871
0.0035523885270188;0.0069719309339762
0.00357709734323939;0.00727851353689632
0.00360197802286805;0.00759889540295202
0.00362703176130931;0.00793376954569851
0.00365225976228241;0.00828366168068077
0.0036776632378791;0.00864914382497289
0.00370324340862192;0.00903088124753662
0.00372900150352281;0.00942947553651191
0.00375493876014214;0.00984550405341407
0.00378105642464822;0.0102797277231221
0.00380735575187714;0.0107327551101811
0.00383383800539306;0.0112052641470417
0.00386050445754892;0.0116981143194032
0.00388735638954759;0.0122119542938063
0.0039143950915034;0.0127476012120382
0.00394162186250412;0.0133058787284926
0.00396903801067343;0.0138875788292308
0.00399664485323369;0.0144936435366424
0.00402444371656928;0.015125017357927
0.00405243593629033;0.0157826235835304
0.00408062285729684;0.0164675204258726
0.00410900583384336;0.0171806846657374
0.00413758622960401;0.0179232344245536
0.00416636541773801;0.0186961819661768
0.00419534478095567;0.0195007698408295
0.0042245257115848;0.0203382567443095
0.00425390961163762;0.0212098973433897
0.00428349789287813;0.02211721243563
0.00431329197688989;0.0230614922903738
0.00434329329514439;0.02404430238141
0.00437350328906978;0.0250670792059219
0.00440392341012013;0.0261314884676857
0.00443455511984518;0.0272391958884706
0.00446539988996054;0.0283918062461282
0.00449645920241843;0.029591224441352
0.00452773454947884;0.0308391142663081
0.00455922743378128;0.0321373556516525
0.00459093936841691;0.0334875575560399
0.00462287187700129;0.0348914765563809
0.00465502649374757;0.0363507359142151
0.00468740476354019;0.0378670421801241
0.00472000824200909;0.0394419863324516
0.00475283849560451;0.0410770581706493
0.00478589710167219;0.0427737326755083
0.00481918564852918;0.0445332482814503
0.00485270573554014;0.0463565639412636
0.00488645897319422;0.0482444122263348
0.00492044698318238;0.050197535113932
0.00495467139847533;0.05221609410058
0.00498913386340202;0.0543003037550745
0.00502383603372859;0.0564499137349934
0.00505877957673793;0.0586643929240639
0.00509396617130984;0.060942928462093
0.00512939750800162;0.0632844157973134
0.00516507528912933;0.0656871750703445
0.00520100122884959;0.0681496568089352
0.00523717705324191;0.0706696111218532
0.00527360450039164;0.0732446613409734
0.00531028532047345;0.0758718155917484
0.00534722127583546;0.0785484901033316
0.00538441414108389;0.0812712699416148
0.0054218657031683;0.084036882309151
0.0054595777614675;0.0868418293203984
0.00549755212787593;0.0896825083475776
0.00553579062689079;0.0925552632859893
0.00557429509569965;0.0954566509937792
0.00561306738426871;0.0983832353301566
0.00565210935543173;0.101331522596541
0.00569142288497948;0.104298994194618
0.00573100986174991;0.107282544464286
0.00577087218771886;0.110280120521337
0.00581101177809147;0.113290270696707
0.00585143056139417;0.116311739083667
0.00589213047956736;0.11934454837078
0.00593311348805871;0.122388892070836
0.0059743815559171;0.125446045488937
0.00601593666588722;0.128517774206206
0.00605778081450484;0.13160707904942
0.00609991601219276;0.134717424215002
0.00614234428335735;0.137853265328248
0.00618506766648584;0.141019736943626
0.00622808821424428;0.144222421456798
0.00627140799357612;0.147467505923761
0.00631502908580154;0.15076115418221
0.00635895358671747;0.154109576712099
0.00640318360669824;0.157518661049614
0.00644772127079699;0.160994234008649
0.00649256871884779;0.164541356602212
0.00653772810556842;0.168164596069486
0.00658320160066392;0.171868067439093
0.00662899138893081;0.175654145162849
0.00667509967036208;0.179524237272561
0.00672152866025287;0.183478864757713
0.00676828058930693;0.187517147151611
0.00681535770374377;0.191636984379523
0.0068627622654066;0.195835182745352
0.006910496551871;0.200107432716755
0.00695856285655432;0.204448343191548
0.00700696348882591;0.208851741157857
0.00705570077411804;0.21331115511698
0.00710477705403765;0.217819160551051
0.00715419468647884;0.222368546412485
0.00720395604573615;0.226952135855064
0.00725406352261867;0.231563216457664
0.00730451952456487;0.236195768577127
0.00735532647575826;0.240844446225569
0.0074064868172439;0.24550567310796
0.00745800300704567;0.250176825361886
0.00750987752028434;0.254857266696038
0.0075621128492965;0.259547189450712
0.00761471150375434;0.264248096958143
0.00766767601078618;0.268963108909635
0.0077210089150979;0.27369666984658
0.00777471277909524;0.278454310723922
0.00782879018300685;0.283242883624168
0.0078832437250083;0.288069888371945
0.00793807602134691;0.292943655848327
0.00799328970646743;0.297871846969958
0.00804888743313862;0.302861621101922
0.00810487187258071;0.30791940882522
0.00816124571459374;0.313050471444695
0.00821801166768678;0.318258913987344
0.00827517245920808;0.323546956482815
0.00833273083547608;0.328915231475461
0.0083906895619114;0.334362634477702
0.00844905142316966;0.339886775298156
0.00850781922327531;0.345484110412147
0.00856699578575632;0.35115088199479
0.00862658395377984;0.356883310808878
0.00868658659028885;0.362678530749982
0.00874700657813962;0.368528914045747
0.00880784682024032;0.374424237376674
0.00886911023969042;0.380359241544606
0.00893079977992114;0.38633369408583
0.00899291840483692;0.392352393892314
0.00905546909895775;0.398425454656729
0.00911845486756262;0.404568809293701
0.00918187873683388;0.410803666894001
0.00924574375400265;0.417155836835653
0.00931005298749522;0.423654805514768
0.00937480952708045;0.430332697541466
0.00944001648401826;0.43722252690123
0.0095056769912091;0.444356863611838
0.00957179420334446;0.451767361866964
0.00963837129705843;0.459483775994922
0.00970541147108036;0.467532141072315
0.00977291794638852;0.475933625881105
0.00984089396636483;0.484704411671012
0.00990934279695074;0.493855195665218
0.00997826772680412;0.503391501194882
0.0100476720674572;0.513313433614426
0.0101175591534759;0.523617245530634
0.0101879323426198;0.534296098786124
0.0102587950160033;0.54534164731161
0.0103301505782587;0.556744725928944
0.0104020024576993;0.5684973480758
0.0104743541064839;0.580594264820118
0.0105472090007834;0.593033453856023
0.010620570640947;0.605816127811163
0.010694442551671;0.618945554743684
0.0107688282821679;0.632425731220195
0.0108437314063367;0.646260765087232
0.0109191555229351;0.660454124932255
0.0109951042557519;0.673553312124875
0.0110715812537817;0.686772783909624
0.0111485901913994;0.700087142597759
0.0112261347685375;0.713460748002527
0.0113042187108635;0.726845883844485
0.0113828457699591;0.740182212105592
0.0114620197234999;0.7533965954656
0.0115417443754378;0.766403505180161
0.011622023556183;0.779106243732842
0.0117028611227884;0.791398953818593
0.0117842609591348;0.803170148852015
0.0118662269761175;0.814305819865833
0.0119487631118343;0.824693391302745
0.0120318733317745;0.834226458054505
0.0121155616290098;0.842809627447449
0.0121998320243856;0.850361952496746
0.0122846885667148;0.856820708082179
0.0123701353329718;0.862145175303606
0.0124561764284887;0.866319503680098
0.0125428159871523;0.869354611205243
0.0126300581716032;0.871289621116787
0.012717907173435;0.872191825479428
0.0128063672133966;0.872155770903327
0.0128954425415941;0.871301457876919
0.0129851374376957;0.869771891321068
0.0130754562111369;0.867728975654567
0.0131664032013279;0.865348870848598
0.0132579827778617;0.862815776538269
0.0133501993407243;0.860315268003556
0.0134430573205058;0.858027854740688
0.013536561178614;0.8561218085667
0.0136307154074876;0.85474759658297
0.0137255245308133;0.854032793579469
0.0138209931037421;0.85407666967256
0.0139171257131087;0.854945922048133
0.0140139269776519;0.85667398390781
0.0141114015482362;0.85926177800462
0.0142095541080754;0.862680091064026
0.0143083893729578;0.866873409823249
0.0144079120914724;0.871764936562338
0.0145081270452375;0.877262672064659
0.0146090390491298;0.883265905736532
0.0147106529515166;0.889671765665256
0.0148129736344879;0.896380887634352
0.0149160060140915;0.903302304082004
0.0150197550405688;0.910357441212458
0.0151242256985931;0.917483132421245
0.0152294230075088;0.924633075956766
0.0153353520215725;0.931777694392201
0.0154420178301959;0.938902939543173
0.0155494255581906;0.946008842007351
0.0156575803660138;0.953107514403203
0.0157664874500167;0.96022061049245
0.0158761520426939;0.967377078470058
0.015986579412935;0.974610944550924
0.0160977748662774;0.981958530634728
0.0162097437451615;0.98945675178275
0.0163224914291876;0.997142290126417
0.0164360233353737;1.00505026567853
0.0165503449184163;1.01321269456556
0.0166654616709523;1.02165832145743
0.0167813791238229;1.03041293300204
0.0168981028463394;1.03949946847589
0.0170156384465507;1.04893835141161
0.0171339915715128;1.0587479771251
0.0172531679075598;1.06894535899763
0.0173731731805778;1.07954635336908
0.0174940131562794;1.09056531422094
0.0176156936404808;1.1020129033183
0.017738220479381;1.11389331106413
0.0178615995598424;1.12620096801638
0.017985836809674;1.13891571201316
0.0181109381979156;1.15199750297998
0.0182369097351254;1.1653813989319
0.0183637574736679;1.17897389267165
0.0184914875080055;1.19265077602576
0.0186201059749906;1.20625738502835
0.018749619054161;1.21961154616367
0.0188800329680367;1.2325084991951
0.0190113539824183;1.24472803499524
0.0191435884066891;1.2560442299622
0.019276742594117;1.26623545685395
0.0194108229421609;1.275094166072
0.0195458358927772;1.28243675532492
0.0196817879327298;1.28811271267031
0.0198186855939016;1.29201195170994
0.0199565354536084;1.29407071611484
0.0200953441349146;1.29427592378051
0.020235118306952;1.2926675007696
0.0203758646852397;1.28933943959825
0.0205175900320068;1.28443985570118
0.0206603011565176;1.27816947535266
0.0208040049153987;1.27077755175897
0.020948708212968;1.2625562719124
0.0210944180015669;1.25383314500466
0.0212411412818941;1.24496059882943
0.0213888851033422;1.23630287381449
0.0215376565643359;1.22822073936864
0.0216874628126735;1.22105462655397
0.0218383110458703;1.21510744147853
0.0219902085115041;1.21062827898796
0.0221431625075635;1.20779816649922
0.0222971803827989;1.20671941952531
0.0224522695370752;1.20741045852982
0.0226084374217272;1.2098051109923
0.0227656915399183;1.21375644417677
0.022924039447;1.21904598084551
0.0230834887508758;1.22539725654123
0.0232440471123662;1.23249263176746
0.023405722245577;1.23999246809465
0.0235685219182698;1.24755504511107
0.0237324539522352;1.25485543289756
0.0238975262236687;1.26160200728792
0.0240637466635492;1.26755006141977
0.0242311232580197;1.27251101519038
0.0243996640487714;1.27635633791795
0.0245693771334298;1.27901824489386
0.0247402706659437;1.28048871644293
0.0249123528569775;1.28081622685305
0.0250856319743048;1.28010141300934
0.0252601163432066;1.27849226017857
0.0254358143468703;1.27617773249785
0.0256127344267933;1.273379000684
0.0257908850831883;1.27033873067684
0.0259702748753915;1.26730862182552
0.0261509124222741;1.26453565209861
0.0263328064026561;1.26224870155114
0.0265159655557236;1.26064658154234
0.0267003986814487;1.25988764338486
0.0268861146410119;1.26008106139855
0.0270731223572281;1.26128001994507
0.0272614308149755;1.26347804932154
0.0274510490616268;1.26660925672009
0.0276419862074844;1.27055267926012
0.0278342514262177;1.27514038488797
0.0280278539553041;1.28016784371448
0.0282228030964726;1.28540512629938
0.028419108216151;1.29060857743196
0.0286167787459158;1.29553347566582
0.028815824182945;1.29994801046254
0.0290162540904751;1.3036479324091
0.0292180780982599;1.30647003154389
0.0294213059030335;1.308302448175
0.0296259472689761;1.30909020639458
0.0298320120281831;1.30883625000472
0.0300395100811378;1.30760141607416
0.0302484513971865;1.30550626045967
0.0304588460150178;1.30273307229895
0.0306707040431452;1.29952383551306
0.0308840356603921;1.2961695521009
0.0310988511163814;1.29298668684089
0.0313151607320279;1.29028226953298
0.0315329749000337;1.28831685590106
0.0317523040853881;1.28727661944498
0.0319731588258702;1.28726123873751
0.032195549732555;1.2882858785487
0.0324194874903233;1.29029185700312
0.0326449828583755;1.29315993768198
0.0328720466707476;1.29672239218063
0.0331006898368328;1.3007753042446
0.0333309233419048;1.30509304633942
0.0335627582476461;1.30944388691159
0.0337962056926792;1.31360381608305
0.0340312768931018;1.31736656208042
0.0342679831430258;1.32055101381954
0.0345063358151199;1.32300867374521
0.0347463463611559;1.32463167041955
0.034988026312559;1.32535871246612
0.0352313872809618;1.32517507133816
0.0354764409587622;1.3241060334084
0.0357231991196851;1.32220891317813
0.0359716736193482;1.31956995257051
0.0362218763958315;1.31630752967567
0.036473819470251;1.31257611030729
0.0367275149473361;1.30856302643251
0.0369829750160112;1.30447429429305
0.0372402119499814;1.30051370740079
0.0374992381083223;1.29686365376917
0.0377600659360736;1.29367415809233
0.038022707964837;1.29106020475788
0.0382871768133784;1.28910095604533
0.0385534851882343;1.28783553901163
0.038821645884322;1.28725625031585
0.0390916717855547;1.28730396240275
0.0393635758654599;1.28787123516622
0.0396373711878036;1.28881811937381
0.0399130709072171;1.28999980459523
0.0401906882698296;1.29129681046263
0.0404702366139044;1.29263569581831
0.0407517293704796;1.29399368670103
0.0410351800640139;1.29538974842596
0.0413206023130356;1.29686950992299
0.0416080098307977;1.2984914309389
0.0418974164259363;1.30031713170021
0.042188836003134;1.30240353984632
0.0424822825637885;1.30479450363164
0.0427777702066847;1.30751239150844
0.0430753131286721;1.31055225134304
0.0433749256253474;1.31388021725426
0.043676622091741;1.31743537131095
0.0439804170230085;1.32113320856616
0.0442863250151274;1.324869547844
0.0445943607655982;1.32852522547672
0.0449045390741507;1.33197295644926
0.0452168748434548;1.33508594374324
0.0455313830798369;1.33774445818964
0.0458480788940003;1.33983626619664
0.046166977501752;1.34125085892608
0.0464880942247328;1.34187318678913
0.0468114444911544;1.34158299701494
0.0471370438365399;1.34026128204661
0.0474649079044707;1.33780124733993
0.0477950524473378;1.33411909636914
0.0481274933270988;1.32915996887999
0.0484622465160398;1.32289698872293
0.0487993280975432;1.31532539669313
0.0491387542668599;1.30645676336074
0.0494805413318879;1.29631759947555
0.0498247057139554;1.28495078722329
0.0501712639486101;1.27241534552915
0.0505202326864135;1.25878361519028
0.0508716286937409;1.24413830337715
0.051225468853587;1.22857141727894
0.0515817701663771;1.21218443944112
0.0519405497507835;1.19508816751994
0.0523018248445485;1.17740196741994
0.0526656128053125;1.15925297080557
0.0530319311114477;1.14077533239354
0.0534007973628978;1.12210889195493
0.0537722292820241;1.10339603923727
0.0541462447144566;1.08477685391661
0.0545228616299514;1.06638456116439
0.0549020981232541;1.04834226472745
0.0552839724149693;1.03076030122132
0.0556685028524358;1.01373527177737
0.0560557079106086;0.997352268009028
0.0564456061929456;0.981687896260257
0.0568382164323025;0.966809425172817
0.057233557491832;0.952769038961382
0.0576316483658905;0.9395970799582
0.0580325081809507;0.927298190727547
0.0584361561965202;0.915851457567448
0.0588426118060674;0.905212997882518
0.0592518945379526;0.895317491449649
0.0596640240563667;0.886079039336359
0.0600790201622761;0.87739556680021
0.0604969027943734;0.86915596627878
0.0609176920300361;0.861245720089098
0.0613414080862908;0.853550883706649
0.0617680713207846;0.845963363550148
0.0621977022327633;0.838388434492558
0.0626303214640562;0.830750262284254
0.0630659498000678;0.822989410277525
0.0635046081707767;0.815055104433804
0.0639463176517409;0.806901533017872
0.0643910994651104;0.798490654736575
0.0648389749806472;0.789795495470912
0.0652899657167514;0.78079811301377
0.0657440933414957;0.771483311587667
0.0662013796736661;0.761833827243648
0.0666618466838101;0.751829375445084
0.0671255164952927;0.741447226193472
0.0675924113853588;0.730662942807913
0.068062553786204;0.719452134057002
0.0685359662860521;0.707793931552068
0.0690126716302403;0.695674864848964
0.0694926927223123;0.683090768027759
0.0699760526251186;0.670049362468679
0.0704627745619242;0.656575644354813
0.0709528819175249;0.64271305238448
0.0714463982393708;0.628513688443901
0.071943347238697;0.614020650295385
0.0724437527916636;0.599255092198984
0.0729476389405026;0.584217338822124
0.0734550298946727;0.568895770402567
0.0739659500320229;0.553276033734514
0.0744804238999634;0.537348312500784
0.0749984762166453;0.521109628759519
0.0755201318721478;0.50456675260911
0.0760454159296745;0.487742831938423
0.0765743536267574;0.470685004435042
0.0771069703764692;0.453477505475708
0.0776432917686446;0.436255020101048
0.0781833435711099;0.419214476634696
0.0787271517309204;0.402647648594981
0.0792747423756077;0.386980484941991
0.0798261418144347;0.372778535248907
0.0803813765396598;0.360742059160079
0.0809404732278094;0.351685911704617
0.0815034587409599;0.346464607067695
0.0820703601280284;0.345864982684707
0.0826412046260718;0.350445680978205
0.083216019661596;0.360385400246676
0.0837948328518731;0.375479034125283
0.0843776720062687;0.395239443066465
0.0849645651275777;0.419013906468572
0.08555554041337;0.446087058037999
0.0861506262573448;0.47574684325786
0.0867498512506954;0.507306930332556
0.0873532441834826;0.540115911115314
0.0879608340460176;0.573571348516882
0.0885726500302554;0.607131095581561
0.0891887215311971;0.640308218054483
0.0898090781483021;0.672648591551236
0.0904337496869104;0.703716670553758
0.0910627661596744;0.733104373307057
0.0916961577880014;0.760457789550341
0.0923339550035046;0.785509221165462
0.0929761884494663;0.808092503268956
0.0936228889823095;0.828128351562578
0.0942740876730806;0.84559620033282
0.0949298158089422;0.860513068510086
0.0955901048946764;0.872925636973536
0.0962549866541983;0.882909229984663
0.0969244930320804;0.890569108592868
0.0975986561950871;0.896041635712352
0.0982775085337206;0.899490140589819
0.0989610826637765;0.901096925936778
0.0996494114279115;0.901047701732711
0.100342527897221;0.899504674147721
0.101040465372828;0.896585828673603
0.101743257387483;0.89236968206363
0.102450937707175;0.886904212196174
0.103163540332755;0.880209465863945
0.103881099501568;0.872285102025467
0.104603649689098;0.863113419312978
0.105331225610626;0.85267564841196
0.106063862222896;0.840979630190696
0.106801594725796;0.828065748287285
0.107544458564049;0.814002650860982
0.108292489428914;0.798887105713841
0.109045723259904;0.782842941088581
0.109804196246509;0.766018742576465
0.110567944829939;0.748590021806903
0.111337005704873;0.730763882868336
0.112111415821218;0.712779886845609
0.112891212385892;0.694911441787416
0.113676432864606;0.677473273039967
0.114467114983665;0.660834406585562
0.115263296731782;0.645420313267267
0.116065016361902;0.631689785437259
0.116872312393041;0.620088673974073
0.117685223612136;0.610988576675714
0.118503789075906;0.604637562035017
0.119328048112734;0.601157215848556
0.120158040324553;0.600574639012887
0.120993805588748;0.602853771893992
0.121835384060073;0.607908170283032
0.122682816172583;0.615601499195932
0.12353614264157;0.625743274626503
0.124395404465528;0.638084641330761
0.125260642928113;0.652325558535084
0.126131899600137;0.668137459732836
0.127009216341554;0.685199016508115
0.127892635303483;0.703232937268106
0.128782198930222;0.722030455029825
0.129677949961295;0.741450928570394
0.130579931433504;0.761399618571473
0.131488186682992;0.781798068191777
0.132402759347333;0.802561766337774
0.133323693367621;0.82360090350203
0.134251032990586;0.844833468178613
0.135184822770719;0.86618244693751
0.136125107572409;0.887546370140307
0.137071932572105;0.908764601725129
0.138025343260482;0.92961309580318
0.138985385444626;0.949837683790962
0.139952105250238;0.969206347861397
0.140925549123849;0.987545259831046
0.141905763835051;1.00473326814911
0.142892796478743;1.02067496930082
0.143886694477395;1.03529018254017
0.144887505583328;1.04854491303804
0.145895277881006;1.06050131194479
0.146910059789347;1.07133818588367
0.147931900064047;1.08133365558935
0.148960847799928;1.09082119645234
0.149996952433292;1.10013156008958
0.151040263744297;1.10954659402685
0.15209083185935;1.11928196386684
0.153148707253516;1.12948799389691
0.154213940752939;1.14025103288389
0.15528658353729;1.15159411640651
0.156366687142221;1.16348055225713
0.157454303461842;1.17581929832026
0.158549484751217;1.18846976891945
0.159652283628871;1.20124558775846
0.160762753079321;1.21391997478689
0.16188094645562;1.22623273022074
0.163006917481921;1.2378948639685
0.164140720256058;1.24859047085337
0.165282409252145;1.25798262930448
0.166432039323193;1.26573014157989
0.167589665703748;1.2715132568773
0.168755344012539;1.27505641276249
0.169929130255157;1.2761343668757
0.171111080826741;1.27456608906525
0.172301252514691;1.27021572167429
0.173499702501392;1.26301042845453
0.174706488366966;1.25296379345231
0.175921668092036;1.24018320342127
0.177145300060512;1.22485425102454
0.178377443062395;1.20721115606396
0.179618156296605;1.18751542861971
0.180867499373822;1.16606081959944
0.18212553231935;1.14319329407057
0.183392315576004;1.11931529524429
0.184667910007011;1.09484984246285
0.185952376898934;1.0701802030575
0.18724577796462;1.04560890015252
0.188548175346163;1.0213517578552
0.189859631617886;0.99755927269252
0.191180209789354;0.974355643726063
0.192509973308398;0.951869480714253
0.193848986064162;0.930235614754434
0.195197312390176;0.909577365792015
0.196555017067443;0.88999090096247
0.197922165327554;0.871537421985805
0.199298822855824;0.854238637379816
0.200685055794443;0.838078736971926
0.202080930745657;0.823013996716686
0.203486514774967;0.808983834666797
0.204901875414351;0.795916257576357
0.206327080665511;0.783731442092634
0.207762199003137;0.772353711635394
0.209207299378197;0.761728449968348
0.210662451221253;0.751828141956303
0.212127724445794;0.742643936334248
0.213603189451594;0.734175897697475
0.2150889171281;0.726426412394186
0.21658497885783;0.719394175479258
0.218091446519809;0.713071683417387
0.21960839249302;0.707442543867641
0.22113588965988;0.702473799757861
0.222674011409747;0.698112840429083
0.224222831642438;0.694289275851988
0.225782424771786;0.690913007992896
0.227352865729213;0.687876931156569
0.228934229967331;0.685067663461373
0.230526593463566;0.68237553307286
0.232130032723806;0.679704121092322
0.233744624786084;0.676975029799718
0.235370447224273;0.67412401128817
0.237007578151814;0.671106430525106
0.23865609622547;0.667916610551641
0.240316080649108;0.664594286404864
0.241987611177497;0.661218282946819
0.243670768120148;0.657909858634728
0.245365632345167;0.654841096843321
0.247072285283142;0.652227383965125
0.248790808931057;0.650308266863836
0.250521285856229;0.64932508154717
0.252263799200275;0.649497978204612
0.254018432683111;0.651026389507546
0.255785270606967;0.654111474005246
0.257564397860446;0.658965363982789
0.259355899922593;0.665797563013068
0.261159862867009;0.674801133242452
0.262976373365987;0.686143565479351
0.264805518694668;0.699960821684159
0.266647386735245;0.716368080669425
0.268502065981175;0.735461679446279
0.270369645541439;0.757299093879292
0.27225021514482;0.781888949858999
0.274143865144212;0.809163214955788
0.276050686520965;0.838935872754765
0.277970770889254;0.870910563108613
0.279904210500479;0.904688087558623
0.281851098247701;0.939759622408052
0.283811527670104;0.975551495911378
0.285785592957487;1.01147769580196
0.287773388954792;1.04698160597522
0.289775011166659;1.08156448648097
0.291790555762015;1.11478169826592
0.293820119578695;1.14623744377591
0.295863800128096;1.17558441879889
0.297921695599858;1.20253002116435
0.299993904866586;1.22683707715083
0.302080527488596;1.24831712264003
0.304181663718703;1.26681037656115
0.306297414507034;1.28216403540227
0.308427881505881;1.29422033559275
0.310573167074583;1.30280262310712
0.312733374284444;1.30772170098924
0.314908606923686;1.30878991211271
0.317098969502436;1.30583793290496
0.319304567257744;1.29873717299241
0.321525506158644;1.28741877963883
0.323761892911242;1.27188277921059
0.326013834963844;1.25219045785213
0.328281440512118;1.22846037957473
0.330564818504292;1.2008756115092
0.332864078646389;1.16968772117955
0.335179331407498;1.13521479434602
0.33751068802508;1.0978301510273
0.339858260510316;1.05792829252358
0.342222161653485;1.01589559980902
0.344602505029384;0.972101619079493
0.346999405002787;0.926882993398223
0.349412976733936;0.880541215649115
0.351843336184076;0.833368192378072
0.354290600121027;0.785651666515878
0.356754886124794;0.737701756743956
0.359236312593214;0.689916477917786
0.361734998747647;0.642791612265553
0.364251064638703;0.596904661022082
0.366784631152011;0.552890805996731
0.369335820014024;0.511405277102932
0.371904753797871;0.473121811633423
0.374491555929244;0.438739535330416
0.377096350692328;0.408969642527785
0.379719263235774;0.384498692125072
0.382360419578711;0.365966015573155
0.385019946616799;0.353902976745045
0.387697972128327;0.348634290713083
0.390394624780354;0.350215588937193
0.393110034134888;0.35845083907879
0.395844330655112;0.373010707759523
0.398597645711652;0.393513940872275
0.40137011158889;0.419586816094863
0.404161861491317;0.450875659240143
0.406973029549936;0.486970914483667
0.409803750828706;0.527347821843065
0.412654161331026;0.571363847249862
0.415524398006277;0.618286961834737
0.418414598756398;0.667371224800222
0.42132490244251;0.717957427094213
0.424255448891591;0.769511370704953
0.427206378903192;0.821575416596611
0.430177834256203;0.873674893478802
0.433169957715663;0.925250776251537
0.436182893039621;0.975646474755686
0.439216784986042;1.0241440058396
0.442271779319764;1.07002996628753
0.445348022819497;1.11265541783936
0.448445663284879;1.15145740415873
0.451564849543575;1.18594798030008
0.45470573145843;1.21569842778163
0.457868459934666;1.24033413138941
0.461053186927135;1.25954527383453
0.464260065447616;1.2731022925807
0.467489249572172;1.2808643864938
0.47074089444855;1.28278117116261
0.474015156303631;1.27889077577895
0.477312192450944;1.26931642924021
0.480632161298219;1.25426404422995
0.483975222354998;1.23401547764711
0.4873415362403;1.20891534038472
0.490731264690338;1.1793637672051
0.494144570566288;1.14582001042413
0.497581617862118;1.10880698817093
0.501042571712461;1.06890930569653
0.504527598400554;1.02676259939279
0.508036865366225;0.983040057512936
0.511570541213939;0.938430296530476
0.515128795720895;0.893612983415376
0.518711799845189;0.849263215328012
0.522319725734023;0.806065993312489
0.525952746731978;0.764712671474162
0.529611037389341;0.72589407901076
0.533294773470493;0.690260336980039
0.537004131962354;0.65831032695111
0.540739291082883;0.630261940858853
0.544500430289644;0.605992299556509
0.548287730288429;0.585108343239897
0.552101373041935;0.567116953608589
0.555941541778511;0.551589306650328
0.559808421000961;0.538224440407258
0.563702196495406;0.526806096159631
0.567623055340212;0.5171229486454
0.571571185914979;0.50893459785934
0.575546777909589;0.501996913719952
0.579550022333322;0.496105629989716
0.583581111524034;0.491131592395962
0.587640239157395;0.487017201002154
0.591727600256197;0.483740499768511
0.595843391199721;0.481295420884855
0.599987809733176;0.479697392297614
0.604161054977196;0.47897779735684
0.60836332743741;0.479163910254546
0.612594829014073;0.480264532980346
0.616855763011767;0.48224785140271
0.621146334149171;0.485007268050862
0.625466748568893;0.488356023574036
0.629817213847377;0.492058782138601
0.634197939004876;0.495875767700516
0.638609134515492;0.499593540477508
0.643051012317293;0.503025288509648
0.647523785822489;0.505986406095314
0.652027669927694;0.508284389694053
0.656562881024242;0.509734009905302
0.661129637008589;0.510167907948025
0.665728157292783;0.5094508679252
0.670358662815;0.507502522227697
0.675021376050165;0.504305325818147
0.679716521020637;0.499873866243196
0.684444323306975;0.494218425454146
0.689205010058774;0.487343851787582
0.693998810005579;0.479273893057705
0.698825953467876;0.470060063494857
0.703686672368156;0.459749894718989
0.708581200242059;0.448352054392154
0.713509772249593;0.43584146862896
0.718472625186433;0.42219313454909
0.723469997495299;0.407420351702347
0.728502129277412;0.391601052674117
0.733569262304027;0.374892426802658
0.738671640028053;0.357531187673569
0.743809507595747;0.339816375464621
0.748983111858493;0.322098375474246
0.754192701384662;0.304777934984779
0.759438526471555;0.288288274169656
0.764720839157428;0.273042923817924
0.770039893233604;0.259388645539634
0.775395944256661;0.247571656275164
0.780789249560715;0.237692005388844
0.786220068269782;0.229689051254633
0.79168866131023;0.223387817008831
0.79719529142331;0.218533714642877
0.802740223177785;0.214802716886241
0.80832372298264;0.211817300440962
0.813946059099879;0.209172880883562
0.819607501657417;0.206478196511871
0.825308322662058;0.203402999447815
0.83104879601256;0.199714195766736
0.836829197512802;0.195274555198264
0.842649804885026;0.190033218285958
0.848510897783188;0.18401663937058
0.854412757806391;0.177295063880351
0.860355668512412;0.169946754349196
0.866339915431332;0.162057139140392
0.872365786079248;0.153726942136262
0.878433569972092;0.145071100571571
0.884543558639535;0.136200267126626
0.890696045639;0.127198548404243
0.896891326569764;0.118133653135998
0.903129699087157;0.109082525494233
0.909411462916867;0.100155720545372
0.915736919869339;0.0915025304622432
0.922106373854276;0.083277704768131
0.928520130895239;0.075620182751514
0.934978499144352;0.0686606469648683
0.941481788897106;0.0625196976716388
0.948030312607269;0.0572963826468899
0.954624384901896;0.0530564210537799
0.961264322596446;0.0498194846344804
0.967950444710003;0.047560240591704
0.974683072480607;0.046222322958052
0.981462529380682;0.0457195203517568
0.988289141132584;0.0459375775890411
0.995163235724243;0.0467437873634704
1.00208514342493;0.04799501791267
1.00905519680112;0.049546038055716
1.01607373073246;0.0512548657133976
1.02314108242789;0.0529895174158971
1.0302575914418;0.0546364643679694
1.03742359969039;0.0561075716043978
1.04463945146805;0.0573428178264909
1.05190549346396;0.0583059299097794
1.05922207477869;0.0589758727619765
1.06658954694099;0.0593382739592934
1.07400826392472;0.059381856345237
1.08147858216577;0.0591028229788921
1.0890008605793;0.0585103069895158
1.09657546057687;0.0576267214782423
1.10420274608388;0.0564861657997771
1.11188308355703;0.0551340339836463
1.11961684200193;0.0536275834889005
1.12740439299082;0.0520358040954822
1.13524611068043;0.050437185745877
1.14314237182997;0.048914512653456
1.15109355581919;0.0475468079587608
1.15910004466665;0.0464020141137714
1.16716222304808;0.045531369269807
1.1752804783148;0.044965152636906
1.1834552005124;0.0447138808500764
1.19168678239945;0.0447721092896483
1.19997561946636;0.045105993074255
1.2083221099544;0.0456483745449796
1.21672665487483;0.0463188038319595
1.22518965802815;0.0470406942955017
1.23371152602354;0.0477491919254351
1.24229266829835;0.0483911201832454
1.2509334971378;0.0489218214617839
1.25963442769476;0.049305650527526
1.26839587800976;0.0495181982594418
1.27721826903099;0.0495464374146346
1.28610202463459;0.0493879397784402
1.29504757164499;0.0490509472903516
1.3040553398554;0.048555090312412
1.31312576204849;0.0479288834369833
1.32225927401719;0.0472045649176873
1.33145631458558;0.0464160722891886
1.34071732563001;0.0456000778995276
1.35004275210034;0.0447966831829986
1.35943304204128;0.04404677171291
1.36888864661396;0.0433857486235473
1.37841002011756;0.0428375639197806
1.38799762001117;0.0424119427915978
1.39765190693576;0.0421061751290351
1.40737334473632;0.0419065857194346
1.41716240048413;0.0417893583418593
1.4270195444992;0.0417234343053378
1.43694525037288;0.0415769874793851
1.44693999499061;0.0414428143836088
1.45700425855483;0.0412934662086612
1.46713852460807;0.0411138828867629
1.47734328005612;0.040902123899518
1.48761901519151;0.0406686605624532
1.497966223717;0.0404355734963301
1.50838540276933;0.0402304661006483
1.51887705294312;0.0400740887568779
1.52944167831487;0.0399835075981338
1.54007978646722;0.0399804881655283
1.55079188851333;0.040088425802347
1.56157849912144;0.0403321746692694
1.57244013653958;0.0407399521898034
1.58337732262047;0.0413420800804484
1.59439058284663;0.0421636400221978
1.60548044635558;0.0432174052463222
1.61664744596529;0.0445020289311605
1.62789211819977;0.0460020421178067
1.63921500331485;0.0476860198927537
1.65061664532413;0.0495094975579825
1.66209759202513;0.0514226730083046
1.67365839502562;0.0533739064942316
1.68529960977006;0.0553122175568218
1.69702179556639;0.0571920911527151
1.70882551561279;0.0589749237905219
1.72071133702484;0.0606250833853026
1.73267983086268;0.06210742992787
1.74473157215851;0.0633886503695908
1.7568671399442;0.064439816204895
1.76908711727908;0.0652399793516012
1.78139209127801;0.0657775348334455
1.79378265313954;0.066047707088043
1.80625939817433;0.0660507882093233
1.81882292583375;0.0657919105589574
1.83147383973869;0.0652801245424078
1.84421274770857;0.064526962093865
1.85704026179049;0.0635455187991106
1.86995699828872;0.0623499565957295
1.88296357779423;0.0609556115809714
1.89606062521455;0.0593798736343094
1.90924876980381;0.0576426446211568
1.92252864519291;0.0557665966253366
1.93590088942002;0.0537782024263891
1.94936614496123;0.0517084134885532
1.96292505876138;0.0495920304881328
1.97657828226518;0.047465309236974
1.9903264714485;0.0453633596376038
2.00417028684987;0.0433178840113699
2.01811039360225;0.0413553394560089
2.03214746146493;0.0394970027484769
2.04628216485579;0.0377585562522456
2.06051518288361;0.0361480700217349
2.07484719938079;0.0346666760898404
2.08927890293612;0.0333132002327916
2.10381098692794;0.0320855294299731
2.11844414955739;0.030978338949903
2.133179093882;0.0299841411986529
2.14801652784945;0.0290948874459154
2.16295716433156;0.028299242114391
2.17800172115861;0.0275820924379467
2.19315092115375;0.0269304455723048
2.20840549216777;0.026338593400879
2.22376616711408;0.0258084304472573
2.23923368400388;0.0253473299275251
2.25480878598166;0.0249640679262471
2.27049222136088;0.0246661047307219
2.28628474365995;0.0244600801158971
2.30218711163839;0.0243492772458268
2.31820008933332;0.0243305195150807
2.33432444609617;0.0243960803325678
2.35056095662962;0.024536767402502
2.36691040102482;0.0247429246256154
2.38337356479892;0.0250043448061553
2.39995123893274;0.025308769151326
2.41664421990882;0.0256400941228967
2.43345330974968;0.0259792881205493
2.45037931605633;0.026307241631056
2.46742305204711;0.0266070808886437
2.48458533659672;0.0268649503683717
2.50186699427561;0.0270691072206047
2.51926885538955;0.027209327209861
2.53679175601954;0.0272780779942114
2.55443653806201;0.0272713044759135
2.57220404926921;0.0271878554270773
2.59009514329;0.0270293427266464
2.60811067971081;0.0268001459889706
2.62625152409701;0.026507026990277
2.6445185480344;0.0261586588636173
2.66291262917117;0.025765231010798
2.68143465126004;0.0253380985930518
2.7000855042007;0.0248894502030375
2.71886608408259;0.024431919151536
2.73777729322794;0.0239781609625219
2.75682004023514;0.0235403862919683
2.77599524002236;0.0231297866025353
2.79530381387155;0.0227521043326403
2.81474668947267;0.0224068816828836
2.83432480096828;0.0220911430941748
2.85523916646504;0.0217157016467653
2.87630785819992;0.0213402311406967
2.89753201493984;0.0209566759625025
2.91891278385464;0.0205561798648327
2.9404513205791;0.0201295272578199
2.96214878927535;0.0196675980068383
2.98400636269585;0.0191618048719683
3.00602522224672;0.0186044940987736
3.02820655805166;0.0179892985492071
3.05055156901623;0.017311443280026
3.07306146289265;0.0165680097983884
3.09573745634513;0.0157581789308379
3.11858077501556;0.0148834596966523
3.1415926535898;0.0139480086680549
